[{"model": "admin.logentry", "pk": 1, "fields": {"action_time": "2023-02-10T11:52:42.373Z", "user": 1, "content_type": 12, "object_id": "78", "object_repr": "Order at 2023-02-10 09:28:02.995500+00:00 (Admin User)", "action_flag": 3, "change_message": ""}}, {"model": "admin.logentry", "pk": 2, "fields": {"action_time": "2023-02-10T11:52:42.375Z", "user": 1, "content_type": 12, "object_id": "77", "object_repr": "Order at 2023-02-10 09:26:55.654908+00:00 (Admin User)", "action_flag": 3, "change_message": ""}}, {"model": "admin.logentry", "pk": 3, "fields": {"action_time": "2023-02-10T11:52:42.377Z", "user": 1, "content_type": 12, "object_id": "76", "object_repr": "Order at 2023-02-10 09:25:59.298316+00:00 (Admin User)", "action_flag": 3, "change_message": ""}}, {"model": "admin.logentry", "pk": 4, "fields": {"action_time": "2023-02-10T11:52:42.378Z", "user": 1, "content_type": 12, "object_id": "75", "object_repr": "Order at 2023-02-10 09:17:52.368650+00:00 (Admin User)", "action_flag": 3, "change_message": ""}}, {"model": "admin.logentry", "pk": 5, "fields": {"action_time": "2023-02-10T11:52:42.379Z", "user": 1, "content_type": 12, "object_id": "74", "object_repr": "Order at 2023-02-10 09:17:51.296497+00:00 (Admin User)", "action_flag": 3, "change_message": ""}}, {"model": "admin.logentry", "pk": 6, "fields": {"action_time": "2023-02-10T11:52:42.380Z", "user": 1, "content_type": 12, "object_id": "73", "object_repr": "Order at 2023-02-10 09:17:23.851899+00:00 (Admin User)", "action_flag": 3, "change_message": ""}}, {"model": "admin.logentry", "pk": 7, "fields": {"action_time": "2023-02-10T11:52:42.381Z", "user": 1, "content_type": 12, "object_id": "72", "object_repr": "Order at 2023-02-10 09:13:10.635962+00:00 (Admin User)", "action_flag": 3, "change_message": ""}}, {"model": "admin.logentry", "pk": 8, "fields": {"action_time": "2023-02-10T11:52:42.382Z", "user": 1, "content_type": 12, "object_id": "71", "object_repr": "Order at 2023-02-10 09:12:56.970843+00:00 (Admin User)", "action_flag": 3, "change_message": ""}}, {"model": "admin.logentry", "pk": 9, "fields": {"action_time": "2023-02-10T11:52:42.382Z", "user": 1, "content_type": 12, "object_id": "70", "object_repr": "Order at 2023-02-10 09:12:55.846215+00:00 (Admin User)", "action_flag": 3, "change_message": ""}}, {"model": "admin.logentry", "pk": 10, "fields": {"action_time": "2023-02-10T11:52:42.383Z", "user": 1, "content_type": 12, "object_id": "69", "object_repr": "Order at 2023-02-10 09:12:08.995094+00:00 (Admin User)", "action_flag": 3, "change_message": ""}}, {"model": "admin.logentry", "pk": 11, "fields": {"action_time": "2023-02-10T11:52:42.384Z", "user": 1, "content_type": 12, "object_id": "68", "object_repr": "Order at 2023-02-10 09:08:45.963094+00:00 (Admin User)", "action_flag": 3, "change_message": ""}}, {"model": "admin.logentry", "pk": 12, "fields": {"action_time": "2023-02-10T11:52:42.385Z", "user": 1, "content_type": 12, "object_id": "67", "object_repr": "Order at 2023-02-10 09:08:34.123957+00:00 (Admin User)", "action_flag": 3, "change_message": ""}}, {"model": "admin.logentry", "pk": 13, "fields": {"action_time": "2023-02-10T11:52:42.386Z", "user": 1, "content_type": 12, "object_id": "66", "object_repr": "Order at 2023-02-10 09:08:17.181374+00:00 (Admin User)", "action_flag": 3, "change_message": ""}}, {"model": "admin.logentry", "pk": 14, "fields": {"action_time": "2023-02-10T11:52:42.386Z", "user": 1, "content_type": 12, "object_id": "65", "object_repr": "Order at 2023-02-10 09:07:53.349708+00:00 (Admin User)", "action_flag": 3, "change_message": ""}}, {"model": "admin.logentry", "pk": 15, "fields": {"action_time": "2023-02-10T11:52:42.387Z", "user": 1, "content_type": 12, "object_id": "64", "object_repr": "Order at 2023-02-10 09:07:52.937469+00:00 (Admin User)", "action_flag": 3, "change_message": ""}}, {"model": "admin.logentry", "pk": 16, "fields": {"action_time": "2023-02-10T11:52:42.388Z", "user": 1, "content_type": 12, "object_id": "63", "object_repr": "Order at 2023-02-10 09:07:51.935026+00:00 (Admin User)", "action_flag": 3, "change_message": ""}}, {"model": "admin.logentry", "pk": 17, "fields": {"action_time": "2023-02-10T11:52:42.389Z", "user": 1, "content_type": 12, "object_id": "62", "object_repr": "Order at 2023-02-10 09:07:34.622097+00:00 (Admin User)", "action_flag": 3, "change_message": ""}}, {"model": "admin.logentry", "pk": 18, "fields": {"action_time": "2023-02-10T11:52:42.390Z", "user": 1, "content_type": 12, "object_id": "61", "object_repr": "Order at 2023-02-10 09:06:17.963189+00:00 (Admin User)", "action_flag": 3, "change_message": ""}}, {"model": "admin.logentry", "pk": 19, "fields": {"action_time": "2023-02-10T11:52:42.390Z", "user": 1, "content_type": 12, "object_id": "60", "object_repr": "Order at 2023-02-10 09:06:17.354431+00:00 (Admin User)", "action_flag": 3, "change_message": ""}}, {"model": "admin.logentry", "pk": 20, "fields": {"action_time": "2023-02-10T11:52:42.391Z", "user": 1, "content_type": 12, "object_id": "59", "object_repr": "Order at 2023-02-10 09:06:12.629418+00:00 (Admin User)", "action_flag": 3, "change_message": ""}}, {"model": "admin.logentry", "pk": 21, "fields": {"action_time": "2023-02-10T11:52:42.392Z", "user": 1, "content_type": 12, "object_id": "58", "object_repr": "Order at 2023-02-10 09:05:32.176411+00:00 (Admin User)", "action_flag": 3, "change_message": ""}}, {"model": "admin.logentry", "pk": 22, "fields": {"action_time": "2023-02-10T11:52:42.393Z", "user": 1, "content_type": 12, "object_id": "57", "object_repr": "Order at 2023-02-10 09:02:29.937003+00:00 (Admin User)", "action_flag": 3, "change_message": ""}}, {"model": "admin.logentry", "pk": 23, "fields": {"action_time": "2023-02-10T11:52:42.394Z", "user": 1, "content_type": 12, "object_id": "56", "object_repr": "Order at 2023-02-10 08:58:34.662848+00:00 (Admin User)", "action_flag": 3, "change_message": ""}}, {"model": "admin.logentry", "pk": 24, "fields": {"action_time": "2023-02-10T11:52:42.395Z", "user": 1, "content_type": 12, "object_id": "55", "object_repr": "Order at 2023-02-10 08:58:23.838476+00:00 (Admin User)", "action_flag": 3, "change_message": ""}}, {"model": "admin.logentry", "pk": 25, "fields": {"action_time": "2023-02-10T11:52:42.396Z", "user": 1, "content_type": 12, "object_id": "54", "object_repr": "Order at 2023-02-10 08:58:23.069539+00:00 (Admin User)", "action_flag": 3, "change_message": ""}}, {"model": "admin.logentry", "pk": 26, "fields": {"action_time": "2023-02-10T11:52:42.397Z", "user": 1, "content_type": 12, "object_id": "53", "object_repr": "Order at 2023-02-10 08:56:34.104439+00:00 (Admin User)", "action_flag": 3, "change_message": ""}}, {"model": "admin.logentry", "pk": 27, "fields": {"action_time": "2023-02-10T11:52:42.398Z", "user": 1, "content_type": 12, "object_id": "52", "object_repr": "Order at 2023-02-10 08:55:29.754167+00:00 (Admin User)", "action_flag": 3, "change_message": ""}}, {"model": "admin.logentry", "pk": 28, "fields": {"action_time": "2023-02-10T11:52:42.398Z", "user": 1, "content_type": 12, "object_id": "51", "object_repr": "Order at 2023-02-10 08:54:30.932171+00:00 (Admin User)", "action_flag": 3, "change_message": ""}}, {"model": "admin.logentry", "pk": 29, "fields": {"action_time": "2023-02-10T11:52:42.399Z", "user": 1, "content_type": 12, "object_id": "50", "object_repr": "Order at 2023-02-10 08:53:53.461591+00:00 (Admin User)", "action_flag": 3, "change_message": ""}}, {"model": "admin.logentry", "pk": 30, "fields": {"action_time": "2023-02-10T17:46:25.809Z", "user": 1, "content_type": 12, "object_id": "170", "object_repr": "Order at 2023-02-10 17:29:36.766736+00:00 (Admin User)", "action_flag": 3, "change_message": ""}}, {"model": "admin.logentry", "pk": 31, "fields": {"action_time": "2023-02-10T17:46:25.813Z", "user": 1, "content_type": 12, "object_id": "169", "object_repr": "Order at 2023-02-10 17:29:32.796649+00:00 (Admin User)", "action_flag": 3, "change_message": ""}}, {"model": "admin.logentry", "pk": 32, "fields": {"action_time": "2023-02-10T17:46:25.814Z", "user": 1, "content_type": 12, "object_id": "168", "object_repr": "Order at 2023-02-10 17:29:30.484814+00:00 (Admin User)", "action_flag": 3, "change_message": ""}}, {"model": "admin.logentry", "pk": 33, "fields": {"action_time": "2023-02-10T17:46:25.815Z", "user": 1, "content_type": 12, "object_id": "167", "object_repr": "Order at 2023-02-10 17:26:51.853996+00:00 (Admin User)", "action_flag": 3, "change_message": ""}}, {"model": "admin.logentry", "pk": 34, "fields": {"action_time": "2023-02-10T17:46:25.816Z", "user": 1, "content_type": 12, "object_id": "166", "object_repr": "Order at 2023-02-10 17:13:53.642085+00:00 (Admin User)", "action_flag": 3, "change_message": ""}}, {"model": "admin.logentry", "pk": 35, "fields": {"action_time": "2023-02-10T17:46:25.817Z", "user": 1, "content_type": 12, "object_id": "165", "object_repr": "Order at 2023-02-10 17:12:42.076067+00:00 (Admin User)", "action_flag": 3, "change_message": ""}}, {"model": "admin.logentry", "pk": 36, "fields": {"action_time": "2023-02-10T17:46:25.818Z", "user": 1, "content_type": 12, "object_id": "164", "object_repr": "Order at 2023-02-10 17:10:16.415019+00:00 (Admin User)", "action_flag": 3, "change_message": ""}}, {"model": "admin.logentry", "pk": 37, "fields": {"action_time": "2023-02-10T17:46:25.820Z", "user": 1, "content_type": 12, "object_id": "163", "object_repr": "Order at 2023-02-10 17:10:14.606477+00:00 (Admin User)", "action_flag": 3, "change_message": ""}}, {"model": "admin.logentry", "pk": 38, "fields": {"action_time": "2023-02-10T17:46:25.821Z", "user": 1, "content_type": 12, "object_id": "162", "object_repr": "Order at 2023-02-10 17:09:50.218282+00:00 (Admin User)", "action_flag": 3, "change_message": ""}}, {"model": "admin.logentry", "pk": 39, "fields": {"action_time": "2023-02-10T17:46:25.823Z", "user": 1, "content_type": 12, "object_id": "161", "object_repr": "Order at 2023-02-10 17:02:08.542960+00:00 (Admin User)", "action_flag": 3, "change_message": ""}}, {"model": "admin.logentry", "pk": 40, "fields": {"action_time": "2023-02-10T17:46:25.824Z", "user": 1, "content_type": 12, "object_id": "160", "object_repr": "Order at 2023-02-10 17:01:15.094156+00:00 (Admin User)", "action_flag": 3, "change_message": ""}}, {"model": "admin.logentry", "pk": 41, "fields": {"action_time": "2023-02-10T17:46:25.825Z", "user": 1, "content_type": 12, "object_id": "159", "object_repr": "Order at 2023-02-10 17:01:02.549076+00:00 (Admin User)", "action_flag": 3, "change_message": ""}}, {"model": "admin.logentry", "pk": 42, "fields": {"action_time": "2023-02-10T17:46:25.826Z", "user": 1, "content_type": 12, "object_id": "158", "object_repr": "Order at 2023-02-10 17:01:01.750907+00:00 (Admin User)", "action_flag": 3, "change_message": ""}}, {"model": "admin.logentry", "pk": 43, "fields": {"action_time": "2023-02-10T17:46:25.827Z", "user": 1, "content_type": 12, "object_id": "157", "object_repr": "Order at 2023-02-10 17:00:27.076469+00:00 (Admin User)", "action_flag": 3, "change_message": ""}}, {"model": "admin.logentry", "pk": 44, "fields": {"action_time": "2023-02-10T17:46:25.828Z", "user": 1, "content_type": 12, "object_id": "156", "object_repr": "Order at 2023-02-10 17:00:26.026721+00:00 (Admin User)", "action_flag": 3, "change_message": ""}}, {"model": "admin.logentry", "pk": 45, "fields": {"action_time": "2023-02-10T17:46:25.829Z", "user": 1, "content_type": 12, "object_id": "155", "object_repr": "Order at 2023-02-10 16:57:57.948867+00:00 (Admin User)", "action_flag": 3, "change_message": ""}}, {"model": "admin.logentry", "pk": 46, "fields": {"action_time": "2023-02-10T17:46:25.830Z", "user": 1, "content_type": 12, "object_id": "154", "object_repr": "Order at 2023-02-10 16:56:24.751831+00:00 (Admin User)", "action_flag": 3, "change_message": ""}}, {"model": "admin.logentry", "pk": 47, "fields": {"action_time": "2023-02-10T17:46:25.831Z", "user": 1, "content_type": 12, "object_id": "153", "object_repr": "Order at 2023-02-10 15:57:53.933935+00:00 (Admin User)", "action_flag": 3, "change_message": ""}}, {"model": "admin.logentry", "pk": 48, "fields": {"action_time": "2023-02-10T17:46:25.832Z", "user": 1, "content_type": 12, "object_id": "152", "object_repr": "Order at 2023-02-10 15:55:30.195776+00:00 (Admin User)", "action_flag": 3, "change_message": ""}}, {"model": "admin.logentry", "pk": 49, "fields": {"action_time": "2023-02-10T17:46:25.833Z", "user": 1, "content_type": 12, "object_id": "151", "object_repr": "Order at 2023-02-10 15:55:11.738918+00:00 (Admin User)", "action_flag": 3, "change_message": ""}}, {"model": "admin.logentry", "pk": 50, "fields": {"action_time": "2023-02-10T17:46:25.834Z", "user": 1, "content_type": 12, "object_id": "150", "object_repr": "Order at 2023-02-10 15:54:52.646277+00:00 (Admin User)", "action_flag": 3, "change_message": ""}}, {"model": "admin.logentry", "pk": 51, "fields": {"action_time": "2023-02-10T17:46:25.835Z", "user": 1, "content_type": 12, "object_id": "149", "object_repr": "Order at 2023-02-10 15:31:53.946670+00:00 (Admin User)", "action_flag": 3, "change_message": ""}}, {"model": "admin.logentry", "pk": 52, "fields": {"action_time": "2023-02-10T17:46:25.836Z", "user": 1, "content_type": 12, "object_id": "148", "object_repr": "Order at 2023-02-10 14:40:52.302424+00:00 (Admin User)", "action_flag": 3, "change_message": ""}}, {"model": "admin.logentry", "pk": 53, "fields": {"action_time": "2023-02-10T17:46:25.836Z", "user": 1, "content_type": 12, "object_id": "147", "object_repr": "Order at 2023-02-10 14:37:47.485057+00:00 (Admin User)", "action_flag": 3, "change_message": ""}}, {"model": "admin.logentry", "pk": 54, "fields": {"action_time": "2023-02-10T17:46:25.837Z", "user": 1, "content_type": 12, "object_id": "146", "object_repr": "Order at 2023-02-10 14:37:40.836261+00:00 (Admin User)", "action_flag": 3, "change_message": ""}}, {"model": "admin.logentry", "pk": 55, "fields": {"action_time": "2023-02-10T17:46:25.838Z", "user": 1, "content_type": 12, "object_id": "145", "object_repr": "Order at 2023-02-10 14:36:57.883099+00:00 (Admin User)", "action_flag": 3, "change_message": ""}}, {"model": "admin.logentry", "pk": 56, "fields": {"action_time": "2023-02-10T17:46:25.839Z", "user": 1, "content_type": 12, "object_id": "144", "object_repr": "Order at 2023-02-10 14:36:18.739506+00:00 (Admin User)", "action_flag": 3, "change_message": ""}}, {"model": "admin.logentry", "pk": 57, "fields": {"action_time": "2023-02-10T17:46:25.840Z", "user": 1, "content_type": 12, "object_id": "143", "object_repr": "Order at 2023-02-10 14:34:42.117389+00:00 (Admin User)", "action_flag": 3, "change_message": ""}}, {"model": "admin.logentry", "pk": 58, "fields": {"action_time": "2023-02-10T17:46:25.841Z", "user": 1, "content_type": 12, "object_id": "142", "object_repr": "Order at 2023-02-10 14:33:38.751033+00:00 (Admin User)", "action_flag": 3, "change_message": ""}}, {"model": "admin.logentry", "pk": 59, "fields": {"action_time": "2023-02-10T17:46:25.842Z", "user": 1, "content_type": 12, "object_id": "141", "object_repr": "Order at 2023-02-10 14:29:38.166060+00:00 (Admin User)", "action_flag": 3, "change_message": ""}}, {"model": "admin.logentry", "pk": 60, "fields": {"action_time": "2023-02-10T17:46:25.842Z", "user": 1, "content_type": 12, "object_id": "140", "object_repr": "Order at 2023-02-10 14:27:43.782256+00:00 (Admin User)", "action_flag": 3, "change_message": ""}}, {"model": "admin.logentry", "pk": 61, "fields": {"action_time": "2023-02-10T17:46:25.843Z", "user": 1, "content_type": 12, "object_id": "139", "object_repr": "Order at 2023-02-10 14:26:57.430325+00:00 (Admin User)", "action_flag": 3, "change_message": ""}}, {"model": "admin.logentry", "pk": 62, "fields": {"action_time": "2023-02-10T17:46:25.844Z", "user": 1, "content_type": 12, "object_id": "138", "object_repr": "Order at 2023-02-10 14:26:11.207111+00:00 (Admin User)", "action_flag": 3, "change_message": ""}}, {"model": "admin.logentry", "pk": 63, "fields": {"action_time": "2023-02-10T17:46:25.845Z", "user": 1, "content_type": 12, "object_id": "137", "object_repr": "Order at 2023-02-10 14:25:44.678282+00:00 (Admin User)", "action_flag": 3, "change_message": ""}}, {"model": "admin.logentry", "pk": 64, "fields": {"action_time": "2023-02-10T17:46:25.845Z", "user": 1, "content_type": 12, "object_id": "136", "object_repr": "Order at 2023-02-10 14:15:42.745526+00:00 (Admin User)", "action_flag": 3, "change_message": ""}}, {"model": "admin.logentry", "pk": 65, "fields": {"action_time": "2023-02-10T17:46:25.846Z", "user": 1, "content_type": 12, "object_id": "135", "object_repr": "Order at 2023-02-10 14:14:25.946454+00:00 (Admin User)", "action_flag": 3, "change_message": ""}}, {"model": "admin.logentry", "pk": 66, "fields": {"action_time": "2023-02-10T17:46:25.847Z", "user": 1, "content_type": 12, "object_id": "134", "object_repr": "Order at 2023-02-10 14:14:21.415310+00:00 (Admin User)", "action_flag": 3, "change_message": ""}}, {"model": "admin.logentry", "pk": 67, "fields": {"action_time": "2023-02-10T17:46:25.847Z", "user": 1, "content_type": 12, "object_id": "133", "object_repr": "Order at 2023-02-10 14:09:50.872551+00:00 (Admin User)", "action_flag": 3, "change_message": ""}}, {"model": "admin.logentry", "pk": 68, "fields": {"action_time": "2023-02-10T17:46:25.848Z", "user": 1, "content_type": 12, "object_id": "132", "object_repr": "Order at 2023-02-10 14:09:46.372705+00:00 (Admin User)", "action_flag": 3, "change_message": ""}}, {"model": "admin.logentry", "pk": 69, "fields": {"action_time": "2023-02-10T17:46:25.849Z", "user": 1, "content_type": 12, "object_id": "131", "object_repr": "Order at 2023-02-10 14:07:10.074875+00:00 (Admin User)", "action_flag": 3, "change_message": ""}}, {"model": "admin.logentry", "pk": 70, "fields": {"action_time": "2023-02-10T17:46:25.849Z", "user": 1, "content_type": 12, "object_id": "130", "object_repr": "Order at 2023-02-10 14:06:59.702579+00:00 (Admin User)", "action_flag": 3, "change_message": ""}}, {"model": "admin.logentry", "pk": 71, "fields": {"action_time": "2023-02-10T17:46:25.850Z", "user": 1, "content_type": 12, "object_id": "129", "object_repr": "Order at 2023-02-10 14:06:55.942767+00:00 (Admin User)", "action_flag": 3, "change_message": ""}}, {"model": "admin.logentry", "pk": 72, "fields": {"action_time": "2023-02-10T17:46:25.851Z", "user": 1, "content_type": 12, "object_id": "128", "object_repr": "Order at 2023-02-10 14:06:33.239897+00:00 (Admin User)", "action_flag": 3, "change_message": ""}}, {"model": "admin.logentry", "pk": 73, "fields": {"action_time": "2023-02-10T17:46:25.851Z", "user": 1, "content_type": 12, "object_id": "127", "object_repr": "Order at 2023-02-10 14:06:14.549373+00:00 (Admin User)", "action_flag": 3, "change_message": ""}}, {"model": "admin.logentry", "pk": 74, "fields": {"action_time": "2023-02-10T17:46:25.852Z", "user": 1, "content_type": 12, "object_id": "126", "object_repr": "Order at 2023-02-10 14:05:37.463316+00:00 (Admin User)", "action_flag": 3, "change_message": ""}}, {"model": "admin.logentry", "pk": 75, "fields": {"action_time": "2023-02-10T17:46:25.852Z", "user": 1, "content_type": 12, "object_id": "125", "object_repr": "Order at 2023-02-10 14:03:11.142128+00:00 (Admin User)", "action_flag": 3, "change_message": ""}}, {"model": "admin.logentry", "pk": 76, "fields": {"action_time": "2023-02-10T17:46:25.853Z", "user": 1, "content_type": 12, "object_id": "124", "object_repr": "Order at 2023-02-10 14:02:19.712925+00:00 (Admin User)", "action_flag": 3, "change_message": ""}}, {"model": "admin.logentry", "pk": 77, "fields": {"action_time": "2023-02-10T17:46:25.854Z", "user": 1, "content_type": 12, "object_id": "123", "object_repr": "Order at 2023-02-10 14:01:38.428535+00:00 (Admin User)", "action_flag": 3, "change_message": ""}}, {"model": "admin.logentry", "pk": 78, "fields": {"action_time": "2023-02-10T17:46:25.854Z", "user": 1, "content_type": 12, "object_id": "122", "object_repr": "Order at 2023-02-10 14:00:17.264404+00:00 (Admin User)", "action_flag": 3, "change_message": ""}}, {"model": "admin.logentry", "pk": 79, "fields": {"action_time": "2023-02-10T17:46:25.855Z", "user": 1, "content_type": 12, "object_id": "121", "object_repr": "Order at 2023-02-10 13:56:59.127040+00:00 (Admin User)", "action_flag": 3, "change_message": ""}}, {"model": "admin.logentry", "pk": 80, "fields": {"action_time": "2023-02-10T17:46:25.855Z", "user": 1, "content_type": 12, "object_id": "120", "object_repr": "Order at 2023-02-10 13:56:20.390593+00:00 (Admin User)", "action_flag": 3, "change_message": ""}}, {"model": "admin.logentry", "pk": 81, "fields": {"action_time": "2023-02-10T17:46:25.856Z", "user": 1, "content_type": 12, "object_id": "119", "object_repr": "Order at 2023-02-10 12:39:28.037878+00:00 (Admin User)", "action_flag": 3, "change_message": ""}}, {"model": "admin.logentry", "pk": 82, "fields": {"action_time": "2023-02-10T17:46:25.856Z", "user": 1, "content_type": 12, "object_id": "118", "object_repr": "Order at 2023-02-10 12:39:18.863132+00:00 (Admin User)", "action_flag": 3, "change_message": ""}}, {"model": "admin.logentry", "pk": 83, "fields": {"action_time": "2023-02-10T17:46:25.857Z", "user": 1, "content_type": 12, "object_id": "117", "object_repr": "Order at 2023-02-10 12:39:15.312120+00:00 (Admin User)", "action_flag": 3, "change_message": ""}}, {"model": "admin.logentry", "pk": 84, "fields": {"action_time": "2023-02-10T17:46:25.858Z", "user": 1, "content_type": 12, "object_id": "116", "object_repr": "Order at 2023-02-10 12:36:29.574926+00:00 (Admin User)", "action_flag": 3, "change_message": ""}}, {"model": "admin.logentry", "pk": 85, "fields": {"action_time": "2023-02-10T17:46:25.858Z", "user": 1, "content_type": 12, "object_id": "115", "object_repr": "Order at 2023-02-10 12:35:03.529103+00:00 (Admin User)", "action_flag": 3, "change_message": ""}}, {"model": "admin.logentry", "pk": 86, "fields": {"action_time": "2023-02-10T17:46:25.859Z", "user": 1, "content_type": 12, "object_id": "114", "object_repr": "Order at 2023-02-10 12:34:38.868609+00:00 (Admin User)", "action_flag": 3, "change_message": ""}}, {"model": "admin.logentry", "pk": 87, "fields": {"action_time": "2023-02-10T17:46:25.859Z", "user": 1, "content_type": 12, "object_id": "113", "object_repr": "Order at 2023-02-10 12:34:34.176897+00:00 (Admin User)", "action_flag": 3, "change_message": ""}}, {"model": "admin.logentry", "pk": 88, "fields": {"action_time": "2023-02-10T17:46:25.860Z", "user": 1, "content_type": 12, "object_id": "112", "object_repr": "Order at 2023-02-10 12:33:00.490983+00:00 (Admin User)", "action_flag": 3, "change_message": ""}}, {"model": "admin.logentry", "pk": 89, "fields": {"action_time": "2023-02-10T17:46:25.860Z", "user": 1, "content_type": 12, "object_id": "111", "object_repr": "Order at 2023-02-10 12:26:28.256381+00:00 (Admin User)", "action_flag": 3, "change_message": ""}}, {"model": "admin.logentry", "pk": 90, "fields": {"action_time": "2023-02-10T17:46:25.861Z", "user": 1, "content_type": 12, "object_id": "110", "object_repr": "Order at 2023-02-10 12:07:07.069637+00:00 (Admin User)", "action_flag": 3, "change_message": ""}}, {"model": "admin.logentry", "pk": 91, "fields": {"action_time": "2023-02-10T21:55:40.493Z", "user": 1, "content_type": 12, "object_id": "224", "object_repr": "Order at 2023-02-10 21:51:07.266837+00:00 (Admin User)", "action_flag": 3, "change_message": ""}}, {"model": "admin.logentry", "pk": 92, "fields": {"action_time": "2023-02-10T21:55:40.497Z", "user": 1, "content_type": 12, "object_id": "223", "object_repr": "Order at 2023-02-10 21:49:39.594627+00:00 (Admin User)", "action_flag": 3, "change_message": ""}}, {"model": "admin.logentry", "pk": 93, "fields": {"action_time": "2023-02-10T21:55:40.498Z", "user": 1, "content_type": 12, "object_id": "222", "object_repr": "Order at 2023-02-10 21:48:04.081923+00:00 (Admin User)", "action_flag": 3, "change_message": ""}}, {"model": "admin.logentry", "pk": 94, "fields": {"action_time": "2023-02-10T21:55:40.499Z", "user": 1, "content_type": 12, "object_id": "221", "object_repr": "Order at 2023-02-10 21:47:28.206147+00:00 (Admin User)", "action_flag": 3, "change_message": ""}}, {"model": "admin.logentry", "pk": 95, "fields": {"action_time": "2023-02-10T21:55:40.501Z", "user": 1, "content_type": 12, "object_id": "220", "object_repr": "Order at 2023-02-10 21:46:34.965587+00:00 (Admin User)", "action_flag": 3, "change_message": ""}}, {"model": "admin.logentry", "pk": 96, "fields": {"action_time": "2023-02-10T21:55:40.502Z", "user": 1, "content_type": 12, "object_id": "219", "object_repr": "Order at 2023-02-10 21:46:30.429190+00:00 (Admin User)", "action_flag": 3, "change_message": ""}}, {"model": "admin.logentry", "pk": 97, "fields": {"action_time": "2023-02-10T21:55:40.504Z", "user": 1, "content_type": 12, "object_id": "217", "object_repr": "Order at 2023-02-10 21:46:13.198321+00:00 (Admin User)", "action_flag": 3, "change_message": ""}}, {"model": "admin.logentry", "pk": 98, "fields": {"action_time": "2023-02-10T21:55:40.505Z", "user": 1, "content_type": 12, "object_id": "216", "object_repr": "Order at 2023-02-10 21:40:14.737643+00:00 (Admin User)", "action_flag": 3, "change_message": ""}}, {"model": "admin.logentry", "pk": 99, "fields": {"action_time": "2023-02-10T21:55:40.507Z", "user": 1, "content_type": 12, "object_id": "214", "object_repr": "Order at 2023-02-10 21:34:04.355141+00:00 (Admin User)", "action_flag": 3, "change_message": ""}}, {"model": "admin.logentry", "pk": 100, "fields": {"action_time": "2023-02-10T21:55:40.508Z", "user": 1, "content_type": 12, "object_id": "213", "object_repr": "Order at 2023-02-10 21:33:55.489231+00:00 (Admin User)", "action_flag": 3, "change_message": ""}}, {"model": "admin.logentry", "pk": 101, "fields": {"action_time": "2023-02-10T21:55:40.509Z", "user": 1, "content_type": 12, "object_id": "212", "object_repr": "Order at 2023-02-10 21:33:44.881927+00:00 (Admin User)", "action_flag": 3, "change_message": ""}}, {"model": "admin.logentry", "pk": 102, "fields": {"action_time": "2023-02-10T21:55:40.510Z", "user": 1, "content_type": 12, "object_id": "210", "object_repr": "Order at 2023-02-10 21:32:45.477522+00:00 (Admin User)", "action_flag": 3, "change_message": ""}}, {"model": "admin.logentry", "pk": 103, "fields": {"action_time": "2023-02-10T21:55:40.512Z", "user": 1, "content_type": 12, "object_id": "209", "object_repr": "Order at 2023-02-10 21:22:21.244588+00:00 (Admin User)", "action_flag": 3, "change_message": ""}}, {"model": "admin.logentry", "pk": 104, "fields": {"action_time": "2023-02-10T21:55:40.513Z", "user": 1, "content_type": 12, "object_id": "208", "object_repr": "Order at 2023-02-10 21:20:31.558028+00:00 (Admin User)", "action_flag": 3, "change_message": ""}}, {"model": "admin.logentry", "pk": 105, "fields": {"action_time": "2023-02-10T21:55:40.514Z", "user": 1, "content_type": 12, "object_id": "207", "object_repr": "Order at 2023-02-10 21:19:54.444686+00:00 (Admin User)", "action_flag": 3, "change_message": ""}}, {"model": "admin.logentry", "pk": 106, "fields": {"action_time": "2023-02-10T21:55:40.515Z", "user": 1, "content_type": 12, "object_id": "206", "object_repr": "Order at 2023-02-10 21:19:34.171179+00:00 (Admin User)", "action_flag": 3, "change_message": ""}}, {"model": "admin.logentry", "pk": 107, "fields": {"action_time": "2023-02-10T21:55:40.516Z", "user": 1, "content_type": 12, "object_id": "205", "object_repr": "Order at 2023-02-10 21:19:15.630992+00:00 (Admin User)", "action_flag": 3, "change_message": ""}}, {"model": "admin.logentry", "pk": 108, "fields": {"action_time": "2023-02-10T21:55:40.517Z", "user": 1, "content_type": 12, "object_id": "204", "object_repr": "Order at 2023-02-10 21:18:43.374396+00:00 (Admin User)", "action_flag": 3, "change_message": ""}}, {"model": "admin.logentry", "pk": 109, "fields": {"action_time": "2023-02-10T21:55:40.517Z", "user": 1, "content_type": 12, "object_id": "203", "object_repr": "Order at 2023-02-10 21:18:41.802239+00:00 (Admin User)", "action_flag": 3, "change_message": ""}}, {"model": "admin.logentry", "pk": 110, "fields": {"action_time": "2023-02-10T21:55:40.518Z", "user": 1, "content_type": 12, "object_id": "202", "object_repr": "Order at 2023-02-10 21:15:39.458901+00:00 (Admin User)", "action_flag": 3, "change_message": ""}}, {"model": "admin.logentry", "pk": 111, "fields": {"action_time": "2023-02-10T21:55:40.519Z", "user": 1, "content_type": 12, "object_id": "201", "object_repr": "Order at 2023-02-10 21:14:59.116755+00:00 (Admin User)", "action_flag": 3, "change_message": ""}}, {"model": "admin.logentry", "pk": 112, "fields": {"action_time": "2023-02-10T21:55:40.520Z", "user": 1, "content_type": 12, "object_id": "200", "object_repr": "Order at 2023-02-10 21:14:47.787793+00:00 (Admin User)", "action_flag": 3, "change_message": ""}}, {"model": "admin.logentry", "pk": 113, "fields": {"action_time": "2023-02-10T21:55:40.521Z", "user": 1, "content_type": 12, "object_id": "199", "object_repr": "Order at 2023-02-10 21:14:18.637049+00:00 (Admin User)", "action_flag": 3, "change_message": ""}}, {"model": "admin.logentry", "pk": 114, "fields": {"action_time": "2023-02-10T21:55:40.522Z", "user": 1, "content_type": 12, "object_id": "198", "object_repr": "Order at 2023-02-10 21:14:14.563630+00:00 (Admin User)", "action_flag": 3, "change_message": ""}}, {"model": "admin.logentry", "pk": 115, "fields": {"action_time": "2023-02-10T21:55:40.523Z", "user": 1, "content_type": 12, "object_id": "197", "object_repr": "Order at 2023-02-10 21:13:36.837045+00:00 (Admin User)", "action_flag": 3, "change_message": ""}}, {"model": "admin.logentry", "pk": 116, "fields": {"action_time": "2023-02-10T21:55:40.523Z", "user": 1, "content_type": 12, "object_id": "196", "object_repr": "Order at 2023-02-10 21:13:35.674627+00:00 (Admin User)", "action_flag": 3, "change_message": ""}}, {"model": "admin.logentry", "pk": 117, "fields": {"action_time": "2023-02-10T21:55:40.524Z", "user": 1, "content_type": 12, "object_id": "195", "object_repr": "Order at 2023-02-10 21:13:29.095651+00:00 (Admin User)", "action_flag": 3, "change_message": ""}}, {"model": "admin.logentry", "pk": 118, "fields": {"action_time": "2023-02-10T21:55:40.525Z", "user": 1, "content_type": 12, "object_id": "194", "object_repr": "Order at 2023-02-10 21:13:18.553824+00:00 (Admin User)", "action_flag": 3, "change_message": ""}}, {"model": "admin.logentry", "pk": 119, "fields": {"action_time": "2023-02-10T21:55:40.526Z", "user": 1, "content_type": 12, "object_id": "193", "object_repr": "Order at 2023-02-10 21:13:09.440198+00:00 (Admin User)", "action_flag": 3, "change_message": ""}}, {"model": "admin.logentry", "pk": 120, "fields": {"action_time": "2023-02-10T21:55:40.526Z", "user": 1, "content_type": 12, "object_id": "192", "object_repr": "Order at 2023-02-10 21:12:08.350485+00:00 (Admin User)", "action_flag": 3, "change_message": ""}}, {"model": "admin.logentry", "pk": 121, "fields": {"action_time": "2023-02-10T21:55:40.527Z", "user": 1, "content_type": 12, "object_id": "190", "object_repr": "Order at 2023-02-10 21:08:17.406883+00:00 (Admin User)", "action_flag": 3, "change_message": ""}}, {"model": "admin.logentry", "pk": 122, "fields": {"action_time": "2023-02-10T21:55:40.528Z", "user": 1, "content_type": 12, "object_id": "189", "object_repr": "Order at 2023-02-10 21:08:06.594732+00:00 (Admin User)", "action_flag": 3, "change_message": ""}}, {"model": "admin.logentry", "pk": 123, "fields": {"action_time": "2023-02-10T21:55:40.529Z", "user": 1, "content_type": 12, "object_id": "188", "object_repr": "Order at 2023-02-10 21:07:57.853852+00:00 (Admin User)", "action_flag": 3, "change_message": ""}}, {"model": "admin.logentry", "pk": 124, "fields": {"action_time": "2023-02-10T21:55:40.530Z", "user": 1, "content_type": 12, "object_id": "187", "object_repr": "Order at 2023-02-10 21:07:38.159807+00:00 (Admin User)", "action_flag": 3, "change_message": ""}}, {"model": "admin.logentry", "pk": 125, "fields": {"action_time": "2023-02-10T21:55:40.531Z", "user": 1, "content_type": 12, "object_id": "186", "object_repr": "Order at 2023-02-10 21:07:24.142544+00:00 (Admin User)", "action_flag": 3, "change_message": ""}}, {"model": "admin.logentry", "pk": 126, "fields": {"action_time": "2023-02-10T21:55:40.531Z", "user": 1, "content_type": 12, "object_id": "183", "object_repr": "Order at 2023-02-10 18:56:46.390832+00:00 (Admin User)", "action_flag": 3, "change_message": ""}}, {"model": "admin.logentry", "pk": 127, "fields": {"action_time": "2023-02-10T21:55:40.532Z", "user": 1, "content_type": 12, "object_id": "179", "object_repr": "Order at 2023-02-10 18:08:11.209148+00:00 (Admin User)", "action_flag": 3, "change_message": ""}}, {"model": "admin.logentry", "pk": 128, "fields": {"action_time": "2023-02-10T21:55:40.533Z", "user": 1, "content_type": 12, "object_id": "178", "object_repr": "Order at 2023-02-10 18:07:41.296061+00:00 (Admin User)", "action_flag": 3, "change_message": ""}}, {"model": "admin.logentry", "pk": 129, "fields": {"action_time": "2023-02-10T21:55:40.533Z", "user": 1, "content_type": 12, "object_id": "177", "object_repr": "Order at 2023-02-10 17:56:39.685599+00:00 (Admin User)", "action_flag": 3, "change_message": ""}}, {"model": "admin.logentry", "pk": 130, "fields": {"action_time": "2023-02-10T21:55:40.534Z", "user": 1, "content_type": 12, "object_id": "176", "object_repr": "Order at 2023-02-10 17:55:51.081907+00:00 (Admin User)", "action_flag": 3, "change_message": ""}}, {"model": "admin.logentry", "pk": 131, "fields": {"action_time": "2023-02-10T21:55:40.535Z", "user": 1, "content_type": 12, "object_id": "171", "object_repr": "Order at 2023-02-10 17:47:28.139332+00:00 (Admin User)", "action_flag": 3, "change_message": ""}}, {"model": "auth.permission", "pk": 1, "fields": {"name": "Can add log entry", "content_type": 1, "codename": "add_logentry"}}, {"model": "auth.permission", "pk": 2, "fields": {"name": "Can change log entry", "content_type": 1, "codename": "change_logentry"}}, {"model": "auth.permission", "pk": 3, "fields": {"name": "Can delete log entry", "content_type": 1, "codename": "delete_logentry"}}, {"model": "auth.permission", "pk": 4, "fields": {"name": "Can view log entry", "content_type": 1, "codename": "view_logentry"}}, {"model": "auth.permission", "pk": 5, "fields": {"name": "Can add permission", "content_type": 2, "codename": "add_permission"}}, {"model": "auth.permission", "pk": 6, "fields": {"name": "Can change permission", "content_type": 2, "codename": "change_permission"}}, {"model": "auth.permission", "pk": 7, "fields": {"name": "Can delete permission", "content_type": 2, "codename": "delete_permission"}}, {"model": "auth.permission", "pk": 8, "fields": {"name": "Can view permission", "content_type": 2, "codename": "view_permission"}}, {"model": "auth.permission", "pk": 9, "fields": {"name": "Can add group", "content_type": 3, "codename": "add_group"}}, {"model": "auth.permission", "pk": 10, "fields": {"name": "Can change group", "content_type": 3, "codename": "change_group"}}, {"model": "auth.permission", "pk": 11, "fields": {"name": "Can delete group", "content_type": 3, "codename": "delete_group"}}, {"model": "auth.permission", "pk": 12, "fields": {"name": "Can view group", "content_type": 3, "codename": "view_group"}}, {"model": "auth.permission", "pk": 13, "fields": {"name": "Can add content type", "content_type": 4, "codename": "add_contenttype"}}, {"model": "auth.permission", "pk": 14, "fields": {"name": "Can change content type", "content_type": 4, "codename": "change_contenttype"}}, {"model": "auth.permission", "pk": 15, "fields": {"name": "Can delete content type", "content_type": 4, "codename": "delete_contenttype"}}, {"model": "auth.permission", "pk": 16, "fields": {"name": "Can view content type", "content_type": 4, "codename": "view_contenttype"}}, {"model": "auth.permission", "pk": 17, "fields": {"name": "Can add session", "content_type": 5, "codename": "add_session"}}, {"model": "auth.permission", "pk": 18, "fields": {"name": "Can change session", "content_type": 5, "codename": "change_session"}}, {"model": "auth.permission", "pk": 19, "fields": {"name": "Can delete session", "content_type": 5, "codename": "delete_session"}}, {"model": "auth.permission", "pk": 20, "fields": {"name": "Can view session", "content_type": 5, "codename": "view_session"}}, {"model": "auth.permission", "pk": 21, "fields": {"name": "Can add employee", "content_type": 6, "codename": "add_employee"}}, {"model": "auth.permission", "pk": 22, "fields": {"name": "Can change employee", "content_type": 6, "codename": "change_employee"}}, {"model": "auth.permission", "pk": 23, "fields": {"name": "Can delete employee", "content_type": 6, "codename": "delete_employee"}}, {"model": "auth.permission", "pk": 24, "fields": {"name": "Can view employee", "content_type": 6, "codename": "view_employee"}}, {"model": "auth.permission", "pk": 25, "fields": {"name": "Can add dish", "content_type": 7, "codename": "add_dish"}}, {"model": "auth.permission", "pk": 26, "fields": {"name": "Can change dish", "content_type": 7, "codename": "change_dish"}}, {"model": "auth.permission", "pk": 27, "fields": {"name": "Can delete dish", "content_type": 7, "codename": "delete_dish"}}, {"model": "auth.permission", "pk": 28, "fields": {"name": "Can view dish", "content_type": 7, "codename": "view_dish"}}, {"model": "auth.permission", "pk": 29, "fields": {"name": "Can add dish type", "content_type": 8, "codename": "add_dishtype"}}, {"model": "auth.permission", "pk": 30, "fields": {"name": "Can change dish type", "content_type": 8, "codename": "change_dishtype"}}, {"model": "auth.permission", "pk": 31, "fields": {"name": "Can delete dish type", "content_type": 8, "codename": "delete_dishtype"}}, {"model": "auth.permission", "pk": 32, "fields": {"name": "Can view dish type", "content_type": 8, "codename": "view_dishtype"}}, {"model": "auth.permission", "pk": 33, "fields": {"name": "Can add ingredient", "content_type": 9, "codename": "add_ingredient"}}, {"model": "auth.permission", "pk": 34, "fields": {"name": "Can change ingredient", "content_type": 9, "codename": "change_ingredient"}}, {"model": "auth.permission", "pk": 35, "fields": {"name": "Can delete ingredient", "content_type": 9, "codename": "delete_ingredient"}}, {"model": "auth.permission", "pk": 36, "fields": {"name": "Can view ingredient", "content_type": 9, "codename": "view_ingredient"}}, {"model": "auth.permission", "pk": 37, "fields": {"name": "Can add position", "content_type": 10, "codename": "add_position"}}, {"model": "auth.permission", "pk": 38, "fields": {"name": "Can change position", "content_type": 10, "codename": "change_position"}}, {"model": "auth.permission", "pk": 39, "fields": {"name": "Can delete position", "content_type": 10, "codename": "delete_position"}}, {"model": "auth.permission", "pk": 40, "fields": {"name": "Can view position", "content_type": 10, "codename": "view_position"}}, {"model": "auth.permission", "pk": 41, "fields": {"name": "Can add recipe", "content_type": 11, "codename": "add_recipe"}}, {"model": "auth.permission", "pk": 42, "fields": {"name": "Can change recipe", "content_type": 11, "codename": "change_recipe"}}, {"model": "auth.permission", "pk": 43, "fields": {"name": "Can delete recipe", "content_type": 11, "codename": "delete_recipe"}}, {"model": "auth.permission", "pk": 44, "fields": {"name": "Can view recipe", "content_type": 11, "codename": "view_recipe"}}, {"model": "auth.permission", "pk": 45, "fields": {"name": "Can add order", "content_type": 12, "codename": "add_order"}}, {"model": "auth.permission", "pk": 46, "fields": {"name": "Can change order", "content_type": 12, "codename": "change_order"}}, {"model": "auth.permission", "pk": 47, "fields": {"name": "Can delete order", "content_type": 12, "codename": "delete_order"}}, {"model": "auth.permission", "pk": 48, "fields": {"name": "Can view order", "content_type": 12, "codename": "view_order"}}, {"model": "auth.permission", "pk": 49, "fields": {"name": "Can add order dish", "content_type": 13, "codename": "add_orderdish"}}, {"model": "auth.permission", "pk": 50, "fields": {"name": "Can change order dish", "content_type": 13, "codename": "change_orderdish"}}, {"model": "auth.permission", "pk": 51, "fields": {"name": "Can delete order dish", "content_type": 13, "codename": "delete_orderdish"}}, {"model": "auth.permission", "pk": 52, "fields": {"name": "Can view order dish", "content_type": 13, "codename": "view_orderdish"}}, {"model": "auth.permission", "pk": 53, "fields": {"name": "Can add order", "content_type": 10, "codename": "add_order"}}, {"model": "auth.permission", "pk": 54, "fields": {"name": "Can change order", "content_type": 10, "codename": "change_order"}}, {"model": "auth.permission", "pk": 55, "fields": {"name": "Can delete order", "content_type": 10, "codename": "delete_order"}}, {"model": "auth.permission", "pk": 56, "fields": {"name": "Can view order", "content_type": 10, "codename": "view_order"}}, {"model": "auth.permission", "pk": 57, "fields": {"name": "Can add position", "content_type": 11, "codename": "add_position"}}, {"model": "auth.permission", "pk": 58, "fields": {"name": "Can change position", "content_type": 11, "codename": "change_position"}}, {"model": "auth.permission", "pk": 59, "fields": {"name": "Can delete position", "content_type": 11, "codename": "delete_position"}}, {"model": "auth.permission", "pk": 60, "fields": {"name": "Can view position", "content_type": 11, "codename": "view_position"}}, {"model": "auth.permission", "pk": 61, "fields": {"name": "Can add recipe", "content_type": 12, "codename": "add_recipe"}}, {"model": "auth.permission", "pk": 62, "fields": {"name": "Can change recipe", "content_type": 12, "codename": "change_recipe"}}, {"model": "auth.permission", "pk": 63, "fields": {"name": "Can delete recipe", "content_type": 12, "codename": "delete_recipe"}}, {"model": "auth.permission", "pk": 64, "fields": {"name": "Can view recipe", "content_type": 12, "codename": "view_recipe"}}, {"model": "contenttypes.contenttype", "pk": 1, "fields": {"app_label": "admin", "model": "logentry"}}, {"model": "contenttypes.contenttype", "pk": 2, "fields": {"app_label": "auth", "model": "permission"}}, {"model": "contenttypes.contenttype", "pk": 3, "fields": {"app_label": "auth", "model": "group"}}, {"model": "contenttypes.contenttype", "pk": 4, "fields": {"app_label": "contenttypes", "model": "contenttype"}}, {"model": "contenttypes.contenttype", "pk": 5, "fields": {"app_label": "sessions", "model": "session"}}, {"model": "contenttypes.contenttype", "pk": 6, "fields": {"app_label": "cafe", "model": "employee"}}, {"model": "contenttypes.contenttype", "pk": 7, "fields": {"app_label": "cafe", "model": "dish"}}, {"model": "contenttypes.contenttype", "pk": 8, "fields": {"app_label": "cafe", "model": "dishtype"}}, {"model": "contenttypes.contenttype", "pk": 9, "fields": {"app_label": "cafe", "model": "ingredient"}}, {"model": "contenttypes.contenttype", "pk": 10, "fields": {"app_label": "cafe", "model": "order"}}, {"model": "contenttypes.contenttype", "pk": 11, "fields": {"app_label": "cafe", "model": "position"}}, {"model": "contenttypes.contenttype", "pk": 12, "fields": {"app_label": "cafe", "model": "recipe"}}, {"model": "contenttypes.contenttype", "pk": 13, "fields": {"app_label": "cafe", "model": "orderdish"}}, {"model": "sessions.session", "pk": "252cq1lfurw2zs6tv2wnqm6zdr6qaha8", "fields": {"session_data": ".eJxVjEEOwiAQRe_C2pABOkPr0n3PQIBBqRpISrsy3l1JutDte-__l3B-37LbW1rdwuIslDj9suDjI5Uu-O7LrcpYy7YuQfZEHrbJuXJ6Xo727yD7lr9rAmS2ySgkDUaz4YBjBwNFmKaBaKSrj1YRKUBICoIGpRMGa5BYi_cHtxo2dA:1pP7LG:aCFeyRWna8tPayPILL5MUSaLZYCA1gMIeNiOUtoetko", "expire_date": "2023-02-20T19:39:54.779Z"}}, {"model": "sessions.session", "pk": "co28l6kbdex24nmu7sr62l49a01lnrhw", "fields": {"session_data": ".eJxVjEEOwiAQRe_C2pABOkPr0n3PQIBBqRpISrsy3l1JutDte-__l3B-37LbW1rdwuIslDj9suDjI5Uu-O7LrcpYy7YuQfZEHrbJuXJ6Xo727yD7lr9rAmS2ySgkDUaz4YBjBwNFmKaBaKSrj1YRKUBICoIGpRMGa5BYi_cHtxo2dA:1pPp6d:Ug5Ctkm4V2RNn1ckziTgd--CV5JYpvR7PbVCmAjkdNk", "expire_date": "2023-02-22T18:23:43.986Z"}}, {"model": "sessions.session", "pk": "nb9f5f153th6i2nj7a8b2qcxmipp9st8", "fields": {"session_data": ".eJxVjDsOwyAQBe9CHSFjvpsyvc-AlgWCkwgkY1dR7h4huUjaNzPvzTwee_FHT5tfI7sywS6_W0B6pjpAfGC9N06t7tsa-FD4STtfWkyv2-n-HRTsZdSgHQAYCcpB0NHiPE05BpDRGaEJlSBHyUrhdEaRNCqjTCKgGXPOln2-zZk3-Q:1pUrQa:JVeGv6IOHvsbtl8qNldJIWlj3ec-8K7pLsZJb96urGA", "expire_date": "2023-03-08T15:53:08.001Z"}}, {"model": "sessions.session", "pk": "rdz7e2g5rn6v7f4doa794vfubci9e6ba", "fields": {"session_data": ".eJxVjEEOwiAQRe_C2pABOkPr0n3PQIBBqRpISrsy3l1JutDte-__l3B-37LbW1rdwuIslDj9suDjI5Uu-O7LrcpYy7YuQfZEHrbJuXJ6Xo727yD7lr9rAmS2ySgkDUaz4YBjBwNFmKaBaKSrj1YRKUBICoIGpRMGa5BYi_cHtxo2dA:1pSnFJ:KenLGFG4ABesOvFNQ2X7-2j6baEZUmodHdAVMmVyK-c", "expire_date": "2023-03-02T23:00:57.927Z"}}, {"model": "cafe.position", "pk": 1, "fields": {"name": "cook", "salary": 20000}}, {"model": "cafe.position", "pk": 2, "fields": {"name": "waiter", "salary": 10000}}, {"model": "cafe.position", "pk": 3, "fields": {"name": "chief cook", "salary": 40000}}, {"model": "cafe.position", "pk": 4, "fields": {"name": "manager", "salary": 15000}}, {"model": "cafe.position", "pk": 5, "fields": {"name": "warehouse keeper", "salary": 10000}}, {"model": "cafe.employee", "pk": 1, "fields": {"password": "pbkdf2_sha256$390000$ZkIzX6P8a8Bgbcd15pFweb$8W0PCUahV6IyNbuUhIu/Ae5nHw9m3oBUbvphKzNY3Gw=", "last_login": "2023-02-22T15:53:07.999Z", "is_superuser": true, "username": "admin.user", "first_name": "Admin", "last_name": "User", "email": "admin@admin.com", "is_staff": true, "is_active": true, "date_joined": "2023-02-06T19:39:22.580Z", "image": "", "position": null, "hiring_date": "2023-02-06", "date_of_dismissal": null, "groups": [], "user_permissions": []}}, {"model": "cafe.employee", "pk": 2, "fields": {"password": "pbkdf2_sha256$390000$nCISgdS7VziW11hICYGiu5$KfvJr+MHFZUWFgI7HQF/s9dvej4K1v2HZ0F/dSLKpFE=", "last_login": null, "is_superuser": false, "username": "james.b", "first_name": "James", "last_name": "Brown", "email": "james@brown.com", "is_staff": false, "is_active": true, "date_joined": "2023-02-06T19:42:29.371Z", "image": "avatar/James-Brown-1991.webp", "position": 3, "hiring_date": "2023-02-06", "date_of_dismissal": null, "groups": [], "user_permissions": []}}, {"model": "cafe.employee", "pk": 6, "fields": {"password": "pbkdf2_sha256$390000$p9i7l4fdtEkWY2s7uq5OFt$Qz74I5lq9GxoP/UxdYRt+mJ3sMa1shfGW358atKfAyA=", "last_login": null, "is_superuser": false, "username": "bill.m", "first_name": "Bill", "last_name": "Murey", "email": "bill@murey.com", "is_staff": false, "is_active": true, "date_joined": "2023-02-07T07:15:34.328Z", "image": "avatar/billm_tcwedO3.jpeg", "position": 1, "hiring_date": "2023-02-02", "date_of_dismissal": null, "groups": [], "user_permissions": []}}, {"model": "cafe.employee", "pk": 7, "fields": {"password": "pbkdf2_sha256$390000$4pFPQHbIuiLonVefBoShiD$L7pP/vEYYZC2yE9MS8OS+feoe6VaBEvqhRO3WkzYHlg=", "last_login": null, "is_superuser": false, "username": "will.s", "first_name": "Will", "last_name": "Smith", "email": "will@smith.com", "is_staff": false, "is_active": true, "date_joined": "2023-02-07T07:18:06.329Z", "image": "avatar/willsm.webp", "position": 4, "hiring_date": "2023-02-07", "date_of_dismissal": "2023-02-16", "groups": [], "user_permissions": []}}, {"model": "cafe.employee", "pk": 8, "fields": {"password": "pbkdf2_sha256$390000$nGwxh0V8YmQTclm6qtl4js$xOIjyFftnTvjqgQ2Qoz/W24WWvsQwV7Kj/AbSUs1fP0=", "last_login": null, "is_superuser": false, "username": "emma.w", "first_name": "Emma", "last_name": "Watson", "email": "emma@watson.com", "is_staff": false, "is_active": true, "date_joined": "2023-02-07T09:18:06.825Z", "image": "avatar/emma.jpg", "position": 2, "hiring_date": "2023-02-07", "date_of_dismissal": null, "groups": [], "user_permissions": []}}, {"model": "cafe.employee", "pk": 9, "fields": {"password": "pbkdf2_sha256$390000$obZK2fWML2Pq3Jjf66WyLq$DDprX4S2wVRxSwzI1pz8tkHn3AxGVLOZ5/0EpCjP9f8=", "last_login": null, "is_superuser": false, "username": "rubeus.h", "first_name": "Rubeus", "last_name": "Hagrid", "email": "rubeus@hagrid.com", "is_staff": false, "is_active": true, "date_joined": "2023-02-07T09:20:20.040Z", "image": "avatar/Rubeus_Hagrid.jpg", "position": 5, "hiring_date": "2023-02-07", "date_of_dismissal": null, "groups": [], "user_permissions": []}}, {"model": "cafe.employee", "pk": 10, "fields": {"password": "pbkdf2_sha256$390000$H6SetdnjeTAvLaNVFu60HS$1J/oFUL34Zq7xccVso15GqyG13yOxFNZv6hHM/OAlU4=", "last_login": null, "is_superuser": false, "username": "henry.c", "first_name": "Henry", "last_name": "Cavil", "email": "henry@cavil.com", "is_staff": false, "is_active": true, "date_joined": "2023-02-12T19:06:36.545Z", "image": "avatar/henry.jpg", "position": 4, "hiring_date": "2023-02-12", "date_of_dismissal": null, "groups": [], "user_permissions": []}}, {"model": "cafe.dishtype", "pk": 2, "fields": {"name": "pizza"}}, {"model": "cafe.dishtype", "pk": 3, "fields": {"name": "sushi"}}, {"model": "cafe.dishtype", "pk": 5, "fields": {"name": "salad"}}, {"model": "cafe.dishtype", "pk": 6, "fields": {"name": "soup"}}, {"model": "cafe.ingredient", "pk": 2, "fields": {"name": "rice", "amount_of": 1985.0}}, {"model": "cafe.ingredient", "pk": 3, "fields": {"name": "nori", "amount_of": 1998.0}}, {"model": "cafe.ingredient", "pk": 4, "fields": {"name": "salmon", "amount_of": 199.0}}, {"model": "cafe.ingredient", "pk": 5, "fields": {"name": "shrimp", "amount_of": 3642.0}}, {"model": "cafe.ingredient", "pk": 6, "fields": {"name": "cucumber", "amount_of": 3098.0}}, {"model": "cafe.ingredient", "pk": 7, "fields": {"name": "avokado", "amount_of": 239.0}}, {"model": "cafe.ingredient", "pk": 8, "fields": {"name": "mango", "amount_of": 394.0}}, {"model": "cafe.ingredient", "pk": 9, "fields": {"name": "cheese1", "amount_of": 96.0}}, {"model": "cafe.ingredient", "pk": 10, "fields": {"name": "cheese sauce", "amount_of": 94.0}}, {"model": "cafe.ingredient", "pk": 11, "fields": {"name": "crab", "amount_of": 270.0}}, {"model": "cafe.ingredient", "pk": 12, "fields": {"name": "tobiko caviar", "amount_of": 100.0}}, {"model": "cafe.ingredient", "pk": 13, "fields": {"name": "chilli", "amount_of": 20.0}}, {"model": "cafe.ingredient", "pk": 14, "fields": {"name": "tuna", "amount_of": 526.0}}, {"model": "cafe.ingredient", "pk": 16, "fields": {"name": "t1", "amount_of": 30.0}}, {"model": "cafe.ingredient", "pk": 17, "fields": {"name": "chicken", "amount_of": 350.0}}, {"model": "cafe.ingredient", "pk": 18, "fields": {"name": "bacon", "amount_of": 91.0}}, {"model": "cafe.ingredient", "pk": 19, "fields": {"name": "veal", "amount_of": 89.0}}, {"model": "cafe.ingredient", "pk": 20, "fields": {"name": "tomato", "amount_of": 76.0}}, {"model": "cafe.ingredient", "pk": 21, "fields": {"name": "oliv oil", "amount_of": 97.0}}, {"model": "cafe.ingredient", "pk": 22, "fields": {"name": "cheese2", "amount_of": 96.0}}, {"model": "cafe.ingredient", "pk": 23, "fields": {"name": "cheese3", "amount_of": 318.0}}, {"model": "cafe.ingredient", "pk": 24, "fields": {"name": "cheese4", "amount_of": 98.0}}, {"model": "cafe.ingredient", "pk": 25, "fields": {"name": "beef", "amount_of": 95.0}}, {"model": "cafe.ingredient", "pk": 26, "fields": {"name": "onion", "amount_of": 1231.0}}, {"model": "cafe.dish", "pk": 5, "fields": {"image": "dish/sushi_5.jpeg", "name": "roll salmon", "dish_type": 3, "price": "100.00", "description": "Sushi with salmon"}}, {"model": "cafe.dish", "pk": 6, "fields": {"image": "dish/sushi.jpeg", "name": "roll baltimor", "dish_type": 3, "price": "120.00", "description": "roll baltimor with avocado, salmon,"}}, {"model": "cafe.dish", "pk": 7, "fields": {"image": "dish/sushi_3.jpeg", "name": "roll futomaki", "dish_type": 3, "price": "105.00", "description": "Sushi roll with salmon, tobico, avakado"}}, {"model": "cafe.dish", "pk": 8, "fields": {"image": "dish/sushi_4.jpeg", "name": "roll phila", "dish_type": 3, "price": "140.00", "description": "roll with cheese and tuna"}}, {"model": "cafe.dish", "pk": 9, "fields": {"image": "dish/sushi_2.jpeg", "name": "roll dragon", "dish_type": 3, "price": "200.00", "description": "roll with avacado, shrimb, tobico, cheese souse"}}, {"model": "cafe.dish", "pk": 10, "fields": {"image": "dish/sushi_6.jpeg", "name": "roll sumo", "dish_type": 3, "price": "170.00", "description": "roll with tuna and salmon"}}, {"model": "cafe.dish", "pk": 11, "fields": {"image": "dish/pizza2.png", "name": "carbonaro", "dish_type": 2, "price": "230.00", "description": "pizza with tomato, veal, cheese, souce"}}, {"model": "cafe.dish", "pk": 12, "fields": {"image": "dish/pizza3.png", "name": "crudo", "dish_type": 2, "price": "200.00", "description": "pizza crudo with cheese, shrinb, tomato"}}, {"model": "cafe.dish", "pk": 13, "fields": {"image": "dish/pizza.png", "name": "beef", "dish_type": 2, "price": "180.00", "description": "pizza beef with beef, tomato, cheese"}}, {"model": "cafe.dish", "pk": 14, "fields": {"image": "dish/pizza4.png", "name": "quadro", "dish_type": 2, "price": "210.00", "description": "pizza quadro with 4 type of cheese"}}, {"model": "cafe.dish", "pk": 15, "fields": {"image": "dish/salad.jpeg", "name": "shrimp", "dish_type": 5, "price": "140.00", "description": "soup with shrimp, avocado, cucumber, chilli"}}, {"model": "cafe.dish", "pk": 16, "fields": {"image": "dish/salad_2.jpeg", "name": "tuna", "dish_type": 5, "price": "120.00", "description": "salad with tuna, avacado, cucumber, mango, tobico"}}, {"model": "cafe.dish", "pk": 17, "fields": {"image": "dish/soup_2.jpeg", "name": "chicken", "dish_type": 6, "price": "150.00", "description": "soup with chicken, onion"}}, {"model": "cafe.dish", "pk": 18, "fields": {"image": "dish/soup.jpeg", "name": "beef soup", "dish_type": 6, "price": "120.00", "description": "soup with beef, onion, bacon, olive oil"}}, {"model": "cafe.dish", "pk": 19, "fields": {"image": "dish/soup_3.jpeg", "name": "salmon", "dish_type": 6, "price": "137.00", "description": "soup with salmon, cheese, cheese souce"}}, {"model": "cafe.recipe", "pk": 6, "fields": {"dish": 5, "ingredient": 2, "amount": 20.0}}, {"model": "cafe.recipe", "pk": 7, "fields": {"dish": 5, "ingredient": 4, "amount": 4.0}}, {"model": "cafe.recipe", "pk": 8, "fields": {"dish": 5, "ingredient": 3, "amount": 2.0}}, {"model": "cafe.recipe", "pk": 9, "fields": {"dish": 5, "ingredient": 6, "amount": 1.0}}, {"model": "cafe.recipe", "pk": 10, "fields": {"dish": 6, "ingredient": 7, "amount": 1.0}}, {"model": "cafe.recipe", "pk": 11, "fields": {"dish": 6, "ingredient": 2, "amount": 5.0}}, {"model": "cafe.recipe", "pk": 12, "fields": {"dish": 6, "ingredient": 3, "amount": 1.0}}, {"model": "cafe.recipe", "pk": 13, "fields": {"dish": 6, "ingredient": 5, "amount": 1.0}}, {"model": "cafe.recipe", "pk": 14, "fields": {"dish": 6, "ingredient": 4, "amount": 2.0}}, {"model": "cafe.recipe", "pk": 15, "fields": {"dish": 7, "ingredient": 2, "amount": 5.0}}, {"model": "cafe.recipe", "pk": 16, "fields": {"dish": 7, "ingredient": 7, "amount": 1.0}}, {"model": "cafe.recipe", "pk": 17, "fields": {"dish": 7, "ingredient": 4, "amount": 1.0}}, {"model": "cafe.recipe", "pk": 18, "fields": {"dish": 7, "ingredient": 6, "amount": 1.0}}, {"model": "cafe.recipe", "pk": 19, "fields": {"dish": 7, "ingredient": 12, "amount": 1.0}}, {"model": "cafe.recipe", "pk": 20, "fields": {"dish": 8, "ingredient": 2, "amount": 5.0}}, {"model": "cafe.recipe", "pk": 21, "fields": {"dish": 8, "ingredient": 9, "amount": 1.0}}, {"model": "cafe.recipe", "pk": 22, "fields": {"dish": 8, "ingredient": 3, "amount": 2.0}}, {"model": "cafe.recipe", "pk": 23, "fields": {"dish": 8, "ingredient": 14, "amount": 1.0}}, {"model": "cafe.recipe", "pk": 24, "fields": {"dish": 9, "ingredient": 2, "amount": 5.0}}, {"model": "cafe.recipe", "pk": 25, "fields": {"dish": 9, "ingredient": 10, "amount": 1.0}}, {"model": "cafe.recipe", "pk": 26, "fields": {"dish": 9, "ingredient": 5, "amount": 1.0}}, {"model": "cafe.recipe", "pk": 27, "fields": {"dish": 9, "ingredient": 8, "amount": 2.0}}, {"model": "cafe.recipe", "pk": 28, "fields": {"dish": 10, "ingredient": 2, "amount": 5.0}}, {"model": "cafe.recipe", "pk": 29, "fields": {"dish": 10, "ingredient": 3, "amount": 2.0}}, {"model": "cafe.recipe", "pk": 30, "fields": {"dish": 10, "ingredient": 7, "amount": 3.0}}, {"model": "cafe.recipe", "pk": 31, "fields": {"dish": 10, "ingredient": 4, "amount": 1.0}}, {"model": "cafe.recipe", "pk": 32, "fields": {"dish": 10, "ingredient": 14, "amount": 2.0}}, {"model": "cafe.recipe", "pk": 33, "fields": {"dish": 10, "ingredient": 6, "amount": 1.0}}, {"model": "cafe.recipe", "pk": 34, "fields": {"dish": 11, "ingredient": 9, "amount": 2.0}}, {"model": "cafe.recipe", "pk": 35, "fields": {"dish": 11, "ingredient": 10, "amount": 3.0}}, {"model": "cafe.recipe", "pk": 36, "fields": {"dish": 11, "ingredient": 19, "amount": 11.0}}, {"model": "cafe.recipe", "pk": 37, "fields": {"dish": 11, "ingredient": 21, "amount": 2.0}}, {"model": "cafe.recipe", "pk": 38, "fields": {"dish": 12, "ingredient": 9, "amount": 2.0}}, {"model": "cafe.recipe", "pk": 39, "fields": {"dish": 12, "ingredient": 5, "amount": 1.0}}, {"model": "cafe.recipe", "pk": 40, "fields": {"dish": 12, "ingredient": 20, "amount": 3.0}}, {"model": "cafe.recipe", "pk": 41, "fields": {"dish": 13, "ingredient": 25, "amount": 2.0}}, {"model": "cafe.recipe", "pk": 42, "fields": {"dish": 13, "ingredient": 18, "amount": 4.0}}, {"model": "cafe.recipe", "pk": 43, "fields": {"dish": 13, "ingredient": 22, "amount": 1.0}}, {"model": "cafe.recipe", "pk": 44, "fields": {"dish": 13, "ingredient": 20, "amount": 12.0}}, {"model": "cafe.recipe", "pk": 45, "fields": {"dish": 14, "ingredient": 10, "amount": 1.0}}, {"model": "cafe.recipe", "pk": 46, "fields": {"dish": 14, "ingredient": 9, "amount": 2.0}}, {"model": "cafe.recipe", "pk": 47, "fields": {"dish": 14, "ingredient": 22, "amount": 2.0}}, {"model": "cafe.recipe", "pk": 48, "fields": {"dish": 14, "ingredient": 23, "amount": 2.0}}, {"model": "cafe.recipe", "pk": 49, "fields": {"dish": 14, "ingredient": 24, "amount": 2.0}}, {"model": "cafe.recipe", "pk": 50, "fields": {"dish": 15, "ingredient": 5, "amount": 2.0}}, {"model": "cafe.recipe", "pk": 51, "fields": {"dish": 15, "ingredient": 6, "amount": 1.0}}, {"model": "cafe.recipe", "pk": 52, "fields": {"dish": 15, "ingredient": 7, "amount": 1.0}}, {"model": "cafe.recipe", "pk": 53, "fields": {"dish": 15, "ingredient": 13, "amount": 2.0}}, {"model": "cafe.recipe", "pk": 54, "fields": {"dish": 16, "ingredient": 7, "amount": 1.0}}, {"model": "cafe.recipe", "pk": 55, "fields": {"dish": 16, "ingredient": 14, "amount": 2.0}}, {"model": "cafe.recipe", "pk": 56, "fields": {"dish": 16, "ingredient": 6, "amount": 1.0}}, {"model": "cafe.recipe", "pk": 57, "fields": {"dish": 16, "ingredient": 8, "amount": 2.0}}, {"model": "cafe.recipe", "pk": 58, "fields": {"dish": 17, "ingredient": 17, "amount": 2.0}}, {"model": "cafe.recipe", "pk": 59, "fields": {"dish": 17, "ingredient": 26, "amount": 2.0}}, {"model": "cafe.recipe", "pk": 60, "fields": {"dish": 17, "ingredient": 21, "amount": 1.0}}, {"model": "cafe.recipe", "pk": 61, "fields": {"dish": 17, "ingredient": 2, "amount": 3.0}}, {"model": "cafe.recipe", "pk": 62, "fields": {"dish": 18, "ingredient": 18, "amount": 1.0}}, {"model": "cafe.recipe", "pk": 63, "fields": {"dish": 18, "ingredient": 25, "amount": 1.0}}, {"model": "cafe.recipe", "pk": 64, "fields": {"dish": 18, "ingredient": 21, "amount": 1.0}}, {"model": "cafe.recipe", "pk": 65, "fields": {"dish": 18, "ingredient": 26, "amount": 2.0}}, {"model": "cafe.recipe", "pk": 66, "fields": {"dish": 19, "ingredient": 10, "amount": 1.0}}, {"model": "cafe.recipe", "pk": 67, "fields": {"dish": 19, "ingredient": 23, "amount": 1.0}}, {"model": "cafe.recipe", "pk": 68, "fields": {"dish": 19, "ingredient": 2, "amount": 3.0}}, {"model": "cafe.recipe", "pk": 69, "fields": {"dish": 19, "ingredient": 26, "amount": 1.0}}, {"model": "cafe.order", "pk": 240, "fields": {"created_at": "2023-02-11T10:45:28.009Z", "is_delivery": false, "employee": 1}}, {"model": "cafe.order", "pk": 245, "fields": {"created_at": "2023-02-11T19:13:06.363Z", "is_delivery": true, "employee": 1}}, {"model": "cafe.order", "pk": 246, "fields": {"created_at": "2023-02-11T20:13:34.354Z", "is_delivery": false, "employee": 1}}, {"model": "cafe.order", "pk": 258, "fields": {"created_at": "2023-02-12T16:42:50.716Z", "is_delivery": true, "employee": 1}}, {"model": "cafe.order", "pk": 280, "fields": {"created_at": "2023-02-13T07:49:49.864Z", "is_delivery": false, "employee": 1}}, {"model": "cafe.order", "pk": 281, "fields": {"created_at": "2023-02-16T23:04:16.773Z", "is_delivery": false, "employee": 1}}, {"model": "cafe.order", "pk": 282, "fields": {"created_at": "2023-02-16T23:04:37.954Z", "is_delivery": false, "employee": 1}}, {"model": "cafe.orderdish", "pk": 88, "fields": {"order": 240, "dish": 13, "amount": 1}}, {"model": "cafe.orderdish", "pk": 93, "fields": {"order": 245, "dish": 18, "amount": 1}}, {"model": "cafe.orderdish", "pk": 94, "fields": {"order": 245, "dish": 19, "amount": 1}}, {"model": "cafe.orderdish", "pk": 95, "fields": {"order": 245, "dish": 12, "amount": 1}}, {"model": "cafe.orderdish", "pk": 96, "fields": {"order": 245, "dish": 15, "amount": 1}}, {"model": "cafe.orderdish", "pk": 97, "fields": {"order": 246, "dish": 18, "amount": 1}}, {"model": "cafe.orderdish", "pk": 98, "fields": {"order": 246, "dish": 12, "amount": 1}}, {"model": "cafe.orderdish", "pk": 99, "fields": {"order": 246, "dish": 7, "amount": 1}}, {"model": "cafe.orderdish", "pk": 110, "fields": {"order": 258, "dish": 13, "amount": 1}}, {"model": "cafe.orderdish", "pk": 112, "fields": {"order": 240, "dish": 11, "amount": 1}}, {"model": "cafe.orderdish", "pk": 115, "fields": {"order": 240, "dish": 12, "amount": 1}}, {"model": "cafe.orderdish", "pk": 116, "fields": {"order": 258, "dish": 11, "amount": 1}}, {"model": "cafe.orderdish", "pk": 117, "fields": {"order": 258, "dish": 12, "amount": 1}}, {"model": "cafe.orderdish", "pk": 118, "fields": {"order": 258, "dish": 14, "amount": 1}}, {"model": "cafe.orderdish", "pk": 131, "fields": {"order": 246, "dish": 13, "amount": 1}}, {"model": "cafe.orderdish", "pk": 137, "fields": {"order": 280, "dish": 13, "amount": 1}}, {"model": "cafe.orderdish", "pk": 138, "fields": {"order": 281, "dish": 18, "amount": 1}}, {"model": "cafe.orderdish", "pk": 139, "fields": {"order": 281, "dish": 9, "amount": 1}}, {"model": "cafe.orderdish", "pk": 140, "fields": {"order": 281, "dish": 10, "amount": 1}}, {"model": "cafe.orderdish", "pk": 141, "fields": {"order": 281, "dish": 16, "amount": 1}}, {"model": "cafe.orderdish", "pk": 142, "fields": {"order": 282, "dish": 14, "amount": 1}}, {"model": "cafe.orderdish", "pk": 143, "fields": {"order": 282, "dish": 13, "amount": 1}}, {"model": "cafe.orderdish", "pk": 144, "fields": {"order": 282, "dish": 9, "amount": 1}}]